{"current":{"color_text":"#fff800","checkout_header_image":"","checkout_logo_image":"","checkout_logo_position":"left","checkout_logo_size":"medium","checkout_body_background_image":"","checkout_body_background_color":"#fff","checkout_input_background_color_mode":"white","checkout_sidebar_background_image":"","checkout_sidebar_background_color":"#fafafa","checkout_heading_font":"-apple-system, BlinkMacSystemFont, 'Segoe UI', Roboto, Helvetica, Arial, sans-serif, 'Apple Color Emoji', 'Segoe UI Emoji', 'Segoe UI Symbol'","checkout_body_font":"-apple-system, BlinkMacSystemFont, 'Segoe UI', Roboto, Helvetica, Arial, sans-serif, 'Apple Color Emoji', 'Segoe UI Emoji', 'Segoe UI Symbol'","checkout_accent_color":"#197bbd","checkout_button_color":"#197bbd","checkout_error_color":"#e32c2b","sections":{"pricing":{"type":"pricing","settings":{"title":"Light Pricing","Description":"Quickly build an effective pricing table for your potential customers with this Bootstrap example. It's built with default Bootstrap components and utilities with little customization."}}},"content_for_index":["pricing"]},"presets":{"Default":{"color_text":"#FF0000","sections":{"pricing":{"type":"pricing","settings":{"title":"Light Pricing"}}},"content_for_index":["pricing"]},"Dark":{"color_text":"#FFFFFF","sections":{"pricing":{"type":"pricing","settings":{"title":"Dark Pricing"}}},"content_for_index":[]}}}