{
  "title": "Fly to Ireland with less than $700 round trip plus more!",
  "dealOfTheDay": {
    "location": "Ireland",
    "description": "8 days with air, hotel and car rental. Use promo code CFDL110 to save. Price reflects NYC departure, other cities available.",
    "saveAmount": "Save $110 with code",
    "tinyInfo": "Gate 1 Travel",
    "price": "649",
    "link": "#",
    "image": "https://i.imgur.com/3Bfnj1R.png"
  },
  "offers": [
    {
      "location": "Cancun",
      "description": "4 nights with air and Melody Maker Cancun stay. Price reflects MIA departure, other cities available.",
      "saveAmount": "Save upto 65%",
      "tinyInfo": "CheapCaribbean.com",
      "price": "689",
      "link": "#",
      "image": "https://i.imgur.com/woFusXt.png"
    },
    {
      "location": "China",
      "description": "Spend 7 nights in the heart of Beijin",
      "saveAmount": "Save upto 34%",
      "tinyInfo": "Chinaair.com",
      "price": "950",
      "link": "#",
      "image": "https://i.imgur.com/ZpeTZGS.jpg"
    },
    {
      "location": "London",
      "description": "Visit the castles at London",
      "saveAmount": "Save upto 45%",
      "tinyInfo": "CheapCaribbean.com",
      "price": "1200",
      "link": "#",
      "image": "https://i.imgur.com/DSqyJX0.png"
    }
  ]
}
